2026-06-07_17-42-44,0,main.go:2026-06-07_17-42-44;queue.go:2026-06-07_17-42-44
2026-06-07_17-43-09,0,main.go:2026-06-07_17-43-09;queue.go:2026-06-07_17-42-44
2026-06-07_17-47-27,0,main.go:2026-06-07_17-47-27;queue.go:2026-06-07_17-42-44
2026-06-07_17-47-39,0,main.go:2026-06-07_17-47-39;queue.go:2026-06-07_17-42-44
2026-06-07_17-49-18,0,main.go:2026-06-07_17-49-18;queue.go:2026-06-07_17-42-44
2026-06-07_18-21-17,0,main.go:2026-06-07_18-21-17;queue.go:2026-06-07_17-42-44
2026-06-07_18-22-12,0,main.go:2026-06-07_18-22-12;queue.go:2026-06-07_17-42-44
2026-06-07_18-22-53,0,main.go:2026-06-07_18-22-53;queue.go:2026-06-07_17-42-44
2026-06-07_18-24-20,0,main.go:2026-06-07_18-24-20;queue.go:2026-06-07_17-42-44
2026-06-07_18-29-22,0,main.go:2026-06-07_18-29-22;queue.go:2026-06-07_18-29-22
2026-06-07_18-29-46,100,main.go:2026-06-07_18-29-46;queue.go:2026-06-07_18-29-22
2026-06-07_18-30-23,100,main.go:2026-06-07_18-29-46;queue.go:2026-06-07_18-29-22
2026-06-07_18-30-28,100,main.go:2026-06-07_18-29-46;queue.go:2026-06-07_18-29-22
2026-06-07_18-31-18,100,main.go:2026-06-07_18-31-18;queue.go:2026-06-07_18-29-22
