2026-03-11_17-38-55,---,draft.go:2026-03-11_17-38-55
2026-03-11_17-39-24,---,draft.go:2026-03-11_17-38-55
2026-03-11_17-39-35,0,draft.go:2026-03-11_17-38-55
2026-03-11_17-40-58,0,draft.go:2026-03-11_17-40-58
2026-03-11_17-41-54,0,draft.go:2026-03-11_17-40-58
2026-03-11_17-43-47,0,draft.go:2026-03-11_17-40-58
2026-03-11_17-46-18,0,draft.go:2026-03-11_17-46-18
2026-03-11_17-46-42,---,draft.go:2026-03-11_17-46-18
2026-03-11_17-47-16,---,draft.go:2026-03-11_17-47-16
2026-03-11_17-47-30,100,draft.go:2026-03-11_17-47-16
