2026-04-04_15-11-28,---,main.go:2026-04-04_15-11-28
2026-04-06_16-26-39,---,main.go:2026-04-04_15-11-28
2026-04-06_16-49-10,0,main.go:2026-04-06_16-49-10
2026-04-06_16-56-51,0,main.go:2026-04-06_16-56-51
2026-04-06_16-57-37,0,main.go:2026-04-06_16-57-37
2026-04-06_16-58-04,0,main.go:2026-04-06_16-58-04
2026-04-06_16-58-42,0,main.go:2026-04-06_16-58-42
2026-04-06_17-10-25,0,main.go:2026-04-06_17-10-25
2026-04-06_17-10-45,0,main.go:2026-04-06_17-10-45
2026-04-06_17-17-53,0,main.go:2026-04-06_17-17-53
2026-04-06_17-28-57,0,main.go:2026-04-06_17-28-57
2026-04-06_17-31-35,100,main.go:2026-04-06_17-31-35
2026-04-06_17-33-46,0,main.go:2026-04-06_17-33-46
2026-04-06_17-34-45,100,main.go:2026-04-06_17-34-45
2026-04-06_17-34-49,100,main.go:2026-04-06_17-34-45
