2026-03-28_15-54-25,42,shell.go:2026-03-28_15-54-25
2026-03-28_15-57-16,42,shell.go:2026-03-28_15-57-16
2026-03-28_15-57-28,57,shell.go:2026-03-28_15-57-28
2026-03-28_15-58-46,71,shell.go:2026-03-28_15-58-46
2026-03-28_15-59-38,71,shell.go:2026-03-28_15-59-38
2026-03-28_16-01-55,71,shell.go:2026-03-28_16-01-55
2026-03-28_16-04-40,71,shell.go:2026-03-28_16-04-40
2026-03-28_16-07-20,71,shell.go:2026-03-28_16-07-20
2026-03-28_16-09-02,71,shell.go:2026-03-28_16-07-20
2026-03-28_16-10-15,71,shell.go:2026-03-28_16-10-15
2026-03-28_16-13-46,71,shell.go:2026-03-28_16-13-46
2026-03-28_16-14-38,85,shell.go:2026-03-28_16-14-38
2026-03-28_16-14-53,100,shell.go:2026-03-28_16-14-53
